SampleID,T2,Prediction T2,Q,Prediction Q,Combined Index,Combined Prediction
train_11,-11.474449330737844,Healthy,-2.9856807985095557,Healthy,0.30437097394419665,Unhealthy
train_53,57.386527522280424,Unhealthy,16.3392406752736,Unhealthy,3.42717283024787,Unhealthy
train_56,-17.95238919082763,Healthy,-14.672813961674514,Healthy,-0.46460616292854073,Healthy
train_67,23.39351916299499,Unhealthy,16.263773686024997,Unhealthy,2.3413187438513736,Unhealthy
train_68,22.36275617883681,Unhealthy,15.513822636044083,Unhealthy,2.2723922480153123,Unhealthy
train_79,-17.45455587932035,Healthy,-12.618964476785496,Healthy,-0.34986289085852595,Healthy
train_187,187.22688884927894,Unhealthy,90.35812555228006,Unhealthy,11.124892466092806,Unhealthy
train_706,-21.264831787804297,Healthy,-18.28514318851675,Healthy,-0.7439985512119713,Healthy
train_715,-25.497909913886836,Healthy,-18.202769080540108,Healthy,-0.8747988211825388,Healthy
train_800,-15.015814837341818,Healthy,-11.164820787615488,Healthy,-0.20220396288282905,Healthy
train_862,-25.142152357712632,Healthy,-19.574815270803747,Healthy,-0.929537499027448,Healthy
train_955,-20.651043157125237,Healthy,-16.459581083657877,Healthy,-0.636555823131659,Healthy
train_1481,42.156326203614974,Unhealthy,-6.170653410527011,Healthy,1.8584319851788085,Unhealthy
train_1648,-20.74581238352135,Healthy,-13.149889507745316,Healthy,-0.48020949253128786,Healthy
train_1949,-25.918601072983265,Healthy,-16.239194024508997,Healthy,-0.7936449677711781,Healthy
train_1978,-19.73890988550344,Healthy,-13.458338594401019,Healthy,-0.4630051768284519,Healthy
train_2122,-23.062953087784948,Healthy,-17.163471632544812,Healthy,-0.7472354426129628,Healthy
train_2153,-19.83259996702637,Healthy,-16.044398936017082,Healthy,-0.5905081637017718,Healthy
train_2227,-21.85977095279108,Healthy,-18.408224237311092,Healthy,-0.7688657848725009,Healthy
train_2454,-19.37987718901271,Healthy,-17.573132841825654,Healthy,-0.649704401894796,Healthy
train_2586,5.216875180414654,Unhealthy,-5.496785322008197,Healthy,0.7148542054171501,Unhealthy
train_2785,31.034811548557677,Unhealthy,3.704024885875633,Unhealthy,1.9798324138007974,Unhealthy
train_2791,44.992070773123395,Unhealthy,10.69108671452868,Unhealthy,2.7606143186030767,Unhealthy
train_2796,94.36581241326962,Unhealthy,22.835797825536183,Unhealthy,4.917278673247535,Unhealthy
train_2801,115.55126597037352,Unhealthy,-3.711071411918489,Healthy,4.313504301386546,Unhealthy
train_2809,236.14271838019704,Unhealthy,46.60723969200636,Unhealthy,10.575574964832052,Unhealthy
train_2815,199.04713998215456,Unhealthy,32.338554026355624,Unhealthy,8.70753450573725,Unhealthy
train_2819,214.90550393502386,Unhealthy,1.2678148595997172,Unhealthy,7.716337141100491,Unhealthy
train_2832,34.46845921988463,Unhealthy,4.460412188287311,Unhealthy,2.1255683912864276,Unhealthy
train_2837,231.15707729958484,Unhealthy,57.411054765104424,Unhealthy,10.93705891836778,Unhealthy
train_2839,223.52216025371976,Unhealthy,75.07405929624792,Unhealthy,11.54447276694615,Unhealthy
train_2847,113.26737595266306,Unhealthy,-1.2996091651993567,Healthy,4.356906333011768,Unhealthy
train_2850,99.87412495994226,Unhealthy,48.6712456955745,Unhealthy,6.3366352936723676,Unhealthy
train_2864,6.457282214167975,Unhealthy,-5.65514600292075,Healthy,0.7467193399969623,Unhealthy
train_2870,116.80254537525516,Unhealthy,30.794807243149542,Unhealthy,6.0148176244620775,Unhealthy
train_2874,125.30938423621129,Unhealthy,5.509576822553626,Unhealthy,5.068148425380068,Unhealthy
train_2875,249.20140148356774,Unhealthy,60.040436978232364,Unhealthy,11.638134242428132,Unhealthy
train_2876,137.15928977167866,Unhealthy,-4.887234813133736,Healthy,4.944796448358622,Unhealthy
train_2885,152.69513929769258,Unhealthy,62.54853993613807,Unhealthy,8.686473761762846,Unhealthy
train_2890,189.03596130084117,Unhealthy,11.863732879579906,Unhealthy,7.402939239526548,Unhealthy
train_2895,126.89457078790034,Unhealthy,13.194238333116743,Unhealthy,5.48863595291433,Unhealthy
train_2931,70.31985902188049,Unhealthy,17.050876825933386,Unhealthy,3.873191230245806,Unhealthy
train_2932,9.941861189048609,Unhealthy,-5.443315530216443,Healthy,0.8678560861116431,Unhealthy
train_2943,241.26419695532104,Unhealthy,15.486508408945774,Unhealthy,9.240145001352671,Unhealthy
train_2948,-2.2732270588082493,Healthy,-5.057287475937844,Healthy,0.4975572082816977,Unhealthy
train_2995,-19.577368900295465,Healthy,-10.223145602254686,Healthy,-0.3020859593397873,Healthy
train_3185,-18.541290027256597,Healthy,-18.97639000868968,Healthy,-0.6905742735917046,Healthy
train_3240,11.779367035242828,Unhealthy,-4.054950536510276,Healthy,0.9932064760887969,Unhealthy
train_3244,-22.593947428644913,Healthy,-18.886690194046224,Healthy,-0.815277832305659,Healthy
train_3312,-2.6314856430281104,Healthy,-3.1791317280199287,Healthy,0.5765857135289458,Unhealthy
train_3392,-16.80031195387398,Healthy,-17.736991564835154,Healthy,-0.5754698161527747,Healthy
train_3468,-19.979325878367007,Healthy,-14.903259384254177,Healthy,-0.5402329189302866,Healthy
train_3541,-15.556145162095964,Healthy,-17.244229689318608,Healthy,-0.5121330772414512,Healthy
train_3546,-14.275667397232127,Healthy,-14.615745555966676,Healthy,-0.34480412925296733,Healthy
train_3575,-18.250252721186488,Healthy,-16.65404829573236,Healthy,-0.5694866267314641,Healthy
train_3577,-18.6721117274423,Healthy,-15.553078725302688,Healthy,-0.5299048786394309,Healthy
train_3593,-12.14383459067102,Healthy,-13.583790362419734,Healthy,-0.22724470902596416,Healthy
train_3678,-20.951839651862663,Healthy,-17.84717691616603,Healthy,-0.7129456444607383,Healthy
train_3727,-19.402939355822113,Healthy,-16.824658211097805,Healthy,-0.6143991597429331,Healthy
train_3818,-19.41611704891619,Healthy,-16.12970697324276,Healthy,-0.5813564105803986,Healthy
train_3842,-19.27478331686681,Healthy,-16.629077750360874,Healthy,-0.6009018068838017,Healthy
train_3888,5.3451141045673864,Unhealthy,-8.351462540693186,Healthy,0.5814826244436728,Unhealthy
train_4056,-24.256106456587343,Healthy,-18.626170412455124,Healthy,-0.8556510813363678,Healthy
train_4071,-10.040714731026615,Healthy,-10.433043226792964,Healthy,-0.008578421330611263,Healthy
train_4076,-18.615032702178937,Healthy,-16.451667533751383,Healthy,-0.5713552207917817,Healthy
train_4089,-24.568141110382637,Healthy,-18.08162703765956,Healthy,-0.8393651292233641,Healthy
train_4151,17.530077585523188,Unhealthy,10.998012944815297,Unhealthy,1.901097703873001,Unhealthy
train_4182,-18.824573688964996,Healthy,-16.58529013850467,Healthy,-0.584460285496413,Healthy
train_4193,-2.397930579836231,Healthy,0.3462774651982663,Unhealthy,0.753771679765241,Unhealthy
train_4271,-17.1758601564589,Healthy,-11.683675310441126,Healthy,-0.29595549490937445,Healthy
train_4328,-20.421458235053343,Healthy,-16.953522142526346,Healthy,-0.6530301615955464,Healthy
train_42,-17.429219282062583,Healthy,4.1491211709399,Unhealthy,0.43229394042451585,Unhealthy
train_57,-18.240254728390088,Healthy,-12.713338081424137,Healthy,-0.6118584846038779,Healthy
train_58,56.35411579648517,Unhealthy,-7.306251130834726,Healthy,2.297814191659705,Unhealthy
train_63,85.28169389441973,Unhealthy,22.289424608118114,Unhealthy,5.083140680540364,Unhealthy
train_75,-20.120153346200226,Healthy,-9.777343892528398,Healthy,-0.5000657066656665,Healthy
train_182,56.44523068761077,Unhealthy,68.553349204444,Unhealthy,6.871942662118279,Unhealthy
train_219,29.026991739562142,Unhealthy,24.184229095561374,Unhealthy,3.2487139368685924,Unhealthy
train_517,-23.35837729954853,Healthy,-10.717744208474945,Healthy,-0.6688986026510086,Healthy
train_677,-20.95813547534858,Healthy,-14.485817447401839,Healthy,-0.8128047732972774,Healthy
train_683,-21.538773654735607,Healthy,-14.034128031847636,Healthy,-0.805700569359735,Healthy
train_701,-21.480735339965772,Healthy,-13.990937895285157,Healthy,-0.8010877361770583,Healthy
train_850,-22.28571747901964,Healthy,-13.86737995160943,Healthy,-0.8215263415423572,Healthy
train_864,-19.282604040413077,Healthy,-10.169751596957894,Healthy,-0.4946987384473712,Healthy
train_865,-19.929624251475765,Healthy,-11.88983022976732,Healthy,-0.6207553096011353,Healthy
train_1010,-16.395459395899145,Healthy,-12.031980093147062,Healthy,-0.5069011592992031,Healthy
train_1061,-5.5902881599799485,Healthy,-12.260181929202911,Healthy,-0.14637266229558832,Healthy
train_1109,-14.905150729663633,Healthy,-8.940438597304299,Healthy,-0.26899558898345155,Healthy
train_1173,-11.392227147739963,Healthy,-2.1048956431344603,Healthy,0.2645684637309249,Unhealthy
train_1516,9.688837895837885,Unhealthy,-9.768852081146248,Healthy,0.5329958386996569,Unhealthy
train_1809,-21.019030119433165,Healthy,-7.608885979737268,Healthy,-0.4005398633382974,Healthy
train_2260,-21.757255485413832,Healthy,-14.190560628771888,Healthy,-0.8226944874085721,Healthy
train_2802,61.02299989260259,Unhealthy,25.915030625874937,Unhealthy,4.461310239307979,Unhealthy
train_2804,62.22466593119828,Unhealthy,58.91776516904943,Unhealthy,6.491537048036463,Unhealthy
train_2806,72.5903522991371,Unhealthy,37.71244580384989,Unhealthy,5.572851651053867,Unhealthy
train_2808,36.33892333307403,Unhealthy,42.88073283535503,Unhealthy,4.628561689749732,Unhealthy
train_2810,76.13094208679493,Unhealthy,29.435102642487262,Unhealthy,5.196736690617799,Unhealthy
train_2811,33.752822652541845,Unhealthy,52.1328193192185,Unhealthy,5.096472906058121,Unhealthy
train_2812,81.14516928087482,Unhealthy,40.86236887917768,Unhealthy,6.058981650752555,Unhealthy
train_2817,107.82292801454417,Unhealthy,116.48596681339365,Unhealthy,11.539821017059026,Unhealthy
train_2822,39.6203682260447,Unhealthy,7.218851937560363,Unhealthy,2.593396100640829,Unhealthy
train_2824,17.38405941396352,Unhealthy,8.823607660513595,Unhealthy,1.91985108003463,Unhealthy
train_2829,23.67939387063072,Unhealthy,17.57590721552059,Unhealthy,2.665290196293211,Unhealthy
train_2852,64.83991619719228,Unhealthy,94.04470353213605,Unhealthy,8.698724182505119,Unhealthy
train_2857,111.04656748040347,Unhealthy,52.99239571360535,Unhealthy,7.825635492427017,Unhealthy
train_2858,46.63705852039235,Unhealthy,140.11150275357602,Unhealthy,10.843984351893408,Unhealthy
train_2861,45.99670756815298,Unhealthy,39.34889411112559,Unhealthy,4.7502830828658205,Unhealthy
train_2862,134.56541259643933,Unhealthy,135.957959943808,Unhealthy,13.639448875727224,Unhealthy
train_2871,211.8767490043355,Unhealthy,80.34401810583036,Unhealthy,12.966370161646845,Unhealthy
train_2927,103.4007698642202,Unhealthy,131.1439472368154,Unhealthy,12.269869126203302,Unhealthy
train_2965,61.17026225765952,Unhealthy,145.34407128000532,Unhealthy,11.662690164842902,Unhealthy
train_2970,160.35047608214606,Unhealthy,55.98056209095344,Unhealthy,9.713521345454891,Unhealthy
train_2972,48.18731023422084,Unhealthy,44.6858563360755,Unhealthy,5.147745417402975,Unhealthy
train_3109,6.992579452327064,Unhealthy,-7.915773956605941,Healthy,0.551258980515811,Unhealthy
train_3219,-21.11714294542852,Healthy,-12.935100975383772,Healthy,-0.7248731261148609,Healthy
train_3241,-20.80207924651889,Healthy,-11.322358844992898,Healthy,-0.6167827891876289,Healthy
train_3258,-17.102774668718514,Healthy,-12.598425983381329,Healthy,-0.5655333496998636,Healthy
train_3287,-23.589315007007862,Healthy,-11.319700331256367,Healthy,-0.713169304475301,Healthy
train_3367,-21.78370905819032,Healthy,-13.081899856165165,Healthy,-0.756807692570316,Healthy
train_3448,-14.189629390202422,Healthy,-10.910746456313674,Healthy,-0.36293299024610215,Healthy
train_3493,-21.491226076134993,Healthy,-12.515899654312316,Healthy,-0.7125716805147658,Healthy
train_3500,-21.308149380667324,Healthy,-12.544396880654595,Healthy,-0.7079472300476349,Healthy
train_3588,-21.480860358068902,Healthy,-13.539254705594942,Healthy,-0.7738755856456829,Healthy
train_3590,-21.694992345199466,Healthy,-14.147259446928963,Healthy,-0.8179286199236833,Healthy
train_3683,-22.90013627564725,Healthy,-14.955190899355248,Healthy,-0.9083559125435917,Healthy
train_3737,-20.316240020637725,Healthy,-12.469751411145975,Healthy,-0.6690907935142272,Healthy
train_3765,-22.157764581276112,Healthy,-10.012136267438912,Healthy,-0.5847938396161699,Healthy
train_3781,-20.316240020637725,Healthy,-12.469751411145975,Healthy,-0.6690907935142272,Healthy
train_3898,-8.21068813014806,Healthy,-9.669753505299852,Healthy,-0.0810523194084638,Healthy
train_3919,-22.2223434358197,Healthy,-11.674689633610186,Healthy,-0.6872090740463164,Healthy
train_3952,-20.316240020637725,Healthy,-12.469751411145975,Healthy,-0.6690907935142272,Healthy
train_3955,-20.316240020637725,Healthy,-12.469751411145975,Healthy,-0.6690907935142272,Healthy
train_3958,-19.60394802831148,Healthy,-8.149297847770972,Healthy,-0.384085902841802,Healthy
train_4091,-10.346515356217004,Healthy,-13.797232535823365,Healthy,-0.4037390533225188,Healthy
train_4095,-21.777002641110915,Healthy,-14.203994072690943,Healthy,-0.824187948024804,Healthy
train_4099,-21.63994215276122,Healthy,-14.983806141995201,Healthy,-0.8664284393271179,Healthy
train_4149,25.607612880100795,Unhealthy,-4.296032948429547,Healthy,1.414172743666943,Unhealthy
train_4190,-15.978378008578698,Healthy,-10.358880711903794,Healthy,-0.3916401769761251,Healthy
train_4198,-21.49750680298791,Healthy,-14.003470516866805,Healthy,-0.8024238424832442,Healthy
train_4199,-4.202618452628357,Healthy,-11.608885179452033,Healthy,-0.059061014106716936,Healthy
train_4222,-22.422861787571858,Healthy,-13.402382976815105,Healthy,-0.798258153556234,Healthy
train_52,1.9161451639348428,Unhealthy,28.8109866684726,Unhealthy,2.5605986028321697,Unhealthy
train_60,-22.856054759994816,Healthy,-14.01991790745442,Healthy,-0.8059178329651087,Healthy
train_61,-19.6814188916632,Healthy,-12.394760176299375,Healthy,-0.6040451701890782,Healthy
train_69,-20.126730242137576,Healthy,-8.17738561131564,Healthy,-0.3682517591077893,Healthy
train_82,-19.504684936270912,Healthy,-8.930742254435454,Healthy,-0.3923747451360893,Healthy
train_617,-24.145142306880622,Healthy,-13.148208790205457,Healthy,-0.7968920549895337,Healthy
train_697,-20.236774552472866,Healthy,-12.599694017554722,Healthy,-0.6346445955017423,Healthy
train_707,-18.83580896401118,Healthy,-11.624131356670482,Healthy,-0.53020709238196,Healthy
train_795,-26.100536922916383,Healthy,-11.281195835734579,Healthy,-0.7508368741002878,Healthy
train_812,-21.07238953343343,Healthy,-13.585222161245204,Healthy,-0.720918886399607,Healthy
train_813,22.919224492085014,Unhealthy,17.583339934962638,Unhealthy,2.590300705619565,Unhealthy
train_852,-25.58177099670474,Healthy,-12.367514104730827,Healthy,-0.7981683292242181,Healthy
train_853,-23.492187927541714,Healthy,-14.180848061520447,Healthy,-0.83658263462587,Healthy
train_857,-25.711524448064317,Healthy,-12.761758157811329,Healthy,-0.8258960321344091,Healthy
train_1003,-19.894670915170988,Healthy,-12.473525797256166,Healthy,-0.6157994184119945,Healthy
train_1051,8.786839401889516,Unhealthy,-7.034327393304734,Healthy,0.6588572699974318,Unhealthy
train_1074,-21.67693733401523,Healthy,-12.400270002025836,Healthy,-0.6705730869256017,Healthy
train_1498,59.23612611131171,Unhealthy,11.210357797103782,Unhealthy,3.4164627055559036,Unhealthy
train_1501,18.78402961068771,Unhealthy,-2.3094691416482984,Healthy,1.27122775772848,Unhealthy
train_2193,0.09174096353300598,Unhealthy,-9.97487270398903,Healthy,0.19569438217363855,Unhealthy
train_2219,-15.712017705102047,Healthy,-9.554165407162234,Healthy,-0.30359383477664004,Healthy
train_2448,-26.076227682426666,Healthy,-11.373922394622632,Healthy,-0.7555395779220595,Healthy
train_2456,-19.42934865755441,Healthy,-12.301622628032494,Healthy,-0.5901492648064176,Healthy
train_2568,-5.910608166631761,Healthy,8.756590058389815,Unhealthy,1.1094592299416393,Unhealthy
train_2657,-18.150899941536363,Healthy,-12.006529663083489,Healthy,-0.5302048887907533,Healthy
train_2787,48.97785615267127,Unhealthy,22.50741299079386,Unhealthy,3.7473393067741387,Unhealthy
train_2790,54.882402271527006,Unhealthy,11.507972041600887,Unhealthy,3.2897117050885347,Unhealthy
train_2797,44.12212836746688,Unhealthy,93.11673769058268,Unhealthy,7.781357001405264,Unhealthy
train_2800,62.332827216403906,Unhealthy,16.568809167452947,Unhealthy,3.837555706667705,Unhealthy
train_2803,132.93102937615373,Unhealthy,102.16163924492979,Unhealthy,11.26494218054036,Unhealthy
train_2805,61.05724962563131,Unhealthy,93.40962795096704,Unhealthy,8.360574638981788,Unhealthy
train_2807,50.489566656254574,Unhealthy,21.860580164068033,Unhealthy,3.7590595124636197,Unhealthy
train_2814,39.76311560507123,Unhealthy,44.139288449234485,Unhealthy,4.726856220207436,Unhealthy
train_2816,44.386292724355165,Unhealthy,44.98255958474211,Unhealthy,4.930329537045325,Unhealthy
train_2835,117.94382780893059,Unhealthy,56.2089020914072,Unhealthy,8.037562206658954,Unhealthy
train_2836,208.40045103656772,Unhealthy,46.11926853445072,Unhealthy,10.438971757376805,Unhealthy
train_2846,63.95022685583687,Unhealthy,40.35454336987852,Unhealthy,5.304391722795744,Unhealthy
train_2853,3.3911458767843428,Unhealthy,46.38614956294596,Unhealthy,3.6537225490857512,Unhealthy
train_2854,55.45603048674882,Unhealthy,57.67705127731354,Unhealthy,6.051780399178146,Unhealthy
train_2866,106.40294122665702,Unhealthy,43.6723033163082,Unhealthy,6.909862038215759,Unhealthy
train_2867,85.85125805671942,Unhealthy,79.9656426041194,Unhealthy,8.384360266542735,Unhealthy
train_2869,147.0550780768213,Unhealthy,51.93177830767702,Unhealthy,8.749200494323865,Unhealthy
train_2872,128.6094285809112,Unhealthy,71.88217314376021,Unhealthy,9.32258389290109,Unhealthy
train_2877,100.6296693020885,Unhealthy,29.641329013041712,Unhealthy,5.884715101884249,Unhealthy
train_2878,52.86502205321134,Unhealthy,58.998011811891104,Unhealthy,6.044306777733892,Unhealthy
train_2888,145.81729299237276,Unhealthy,61.79829563148377,Unhealthy,9.294335834748264,Unhealthy
train_2926,133.66608705509066,Unhealthy,72.78763621535242,Unhealthy,9.544132791252025,Unhealthy
train_2930,49.92575504210465,Unhealthy,58.30141076946012,Unhealthy,5.9054106307541465,Unhealthy
train_2939,70.68753740118532,Unhealthy,11.969668804345417,Unhealthy,3.841471768027838,Unhealthy
train_2945,39.28299265313654,Unhealthy,25.801937306219443,Unhealthy,3.621453150924612,Unhealthy
train_2954,61.08684359936971,Unhealthy,116.17520031469802,Unhealthy,9.71412503739825,Unhealthy
train_3064,-0.7915553567746549,Healthy,-8.2219086406119,Healthy,0.27054003933629533,Unhealthy
train_3119,-6.003305390636843,Healthy,-3.3946008982690454,Healthy,0.3844465655875051,Unhealthy
train_3137,-19.335262752843857,Healthy,-12.421875547645334,Healthy,-0.5941725753109807,Healthy
train_3158,-19.802761996393667,Healthy,-12.43958327293453,Healthy,-0.6107337514047311,Healthy
train_3232,-8.66499207938886,Healthy,-8.296613840849739,Healthy,0.004903331329135119,Unhealthy
train_3309,-22.169282263187757,Healthy,-11.30799289893371,Healthy,-0.6220110937153432,Healthy
train_3398,-6.957090633893234,Healthy,-11.92104495693987,Healthy,-0.15377564699652124,Healthy
train_3407,-26.045758501951926,Healthy,-12.256730509239546,Healthy,-0.8069789630008788,Healthy
train_3495,-3.269744107716768,Healthy,-4.060932343086662,Healthy,0.435542734716984,Unhealthy
train_3543,-19.841806501982127,Healthy,-12.454003621734795,Healthy,-0.6128857926752971,Healthy
train_3725,-17.87901086499349,Healthy,-7.970610801029137,Healthy,-0.2813994366956769,Healthy
train_3903,9.894645218997326,Unhealthy,4.2071015353382215,Unhealthy,1.3634941755387167,Unhealthy
train_3963,-16.711535214450382,Healthy,-14.180359036046955,Healthy,-0.6116080167072765,Healthy
train_4094,-26.288825204758304,Healthy,-14.313534001341552,Healthy,-0.9372432641754695,Healthy
train_4098,-18.661873717939812,Healthy,-10.760038344986045,Healthy,-0.47309858703877017,Healthy
train_4147,-19.979318274685824,Healthy,-4.765234230796237,Healthy,-0.1606356213360447,Healthy
train_4162,-24.374645617087193,Healthy,-11.795351131724948,Healthy,-0.7241285455092943,Healthy
train_4170,23.53177049612829,Unhealthy,-0.7774052792463628,Healthy,1.5197566019772353,Unhealthy
train_4245,-5.012386526201382,Healthy,-3.116915191472918,Healthy,0.43381803296164545,Unhealthy
train_4332,-19.16337346296705,Healthy,-13.14988612416403,Healthy,-0.6317234319362028,Healthy
train_54,122.2044869844504,Unhealthy,-5.5292704078080135,Healthy,4.501789384297667,Unhealthy
train_55,-16.203307417218028,Healthy,-21.243385088913993,Healthy,-0.5446240631566008,Healthy
train_64,22.94683210356238,Unhealthy,11.191254312166894,Unhealthy,2.0227413620245205,Unhealthy
train_66,-8.092677674047184,Healthy,-3.694318639465628,Healthy,0.42830817861729864,Unhealthy
train_72,-24.789170398416857,Healthy,-18.59545531605491,Healthy,-0.7101266021699535,Healthy
train_73,-17.899366582746897,Healthy,-18.416483135665406,Healthy,-0.4834900097606164,Healthy
train_670,-21.43377369377186,Healthy,-21.32302563718755,Healthy,-0.7143876014930097,Healthy
train_695,-20.70427893899604,Healthy,-18.74525890705312,Healthy,-0.5861787513685258,Healthy
train_804,-23.562932353614908,Healthy,-20.883506894880735,Healthy,-0.7642724780463329,Healthy
train_808,-25.771409405146365,Healthy,-22.81095370971877,Healthy,-0.9130815665368166,Healthy
train_859,-16.292234379157218,Healthy,0.6207815795054614,Unhealthy,0.34300285677970344,Unhealthy
train_973,-18.344823812129412,Healthy,-18.393246069388848,Healthy,-0.49672546184187216,Healthy
train_1128,54.38378057694411,Unhealthy,-11.937577999320556,Healthy,2.081621666279715,Unhealthy
train_1156,17.36854542578571,Unhealthy,-13.38721589185323,Healthy,0.8441449185131458,Unhealthy
train_1495,125.70284462202437,Unhealthy,38.09617384169313,Unhealthy,6.3898907932603795,Unhealthy
train_1504,-19.760027573051037,Healthy,-15.921627594207388,Healthy,-0.44111950702852687,Healthy
train_1885,-15.973346044469883,Healthy,-18.16984563885491,Healthy,-0.4121273875935956,Healthy
train_1990,6.651947554871491,Unhealthy,-17.198492914459038,Healthy,0.3477441466255746,Unhealthy
train_1999,-14.57057028047219,Healthy,-15.004026598026735,Healthy,-0.23853408657492503,Healthy
train_2186,-12.807267866265445,Healthy,-20.4581759995943,Healthy,-0.4045267885947471,Healthy
train_2242,-22.518410624558527,Healthy,-15.543874464217824,Healthy,-0.5135522382454044,Healthy
train_2269,-15.885481399712683,Healthy,-11.303107903612608,Healthy,-0.12966966690665127,Healthy
train_2424,-23.05402384411001,Healthy,-21.499335935243142,Healthy,-0.7731513442396555,Healthy
train_2437,-20.14383406777774,Healthy,-17.10873892197121,Healthy,-0.5016858569849134,Healthy
train_2602,-14.897104075606876,Healthy,-15.550064040910872,Healthy,-0.27116816832783164,Healthy
train_2786,149.068613475593,Unhealthy,41.65132289398075,Unhealthy,7.278566325249476,Unhealthy
train_2789,53.443428765155865,Unhealthy,21.259539873043206,Unhealthy,3.403697250299717,Unhealthy
train_2793,38.47687178002493,Unhealthy,20.914229095929787,Unhealthy,2.9131502117968058,Unhealthy
train_2794,110.97028172051841,Unhealthy,125.58223481570096,Unhealthy,9.483886060388638,Unhealthy
train_2818,37.04633332865435,Unhealthy,6.769311767674825,Unhealthy,2.2915292486838936,Unhealthy
train_2827,93.04555350858135,Unhealthy,34.30733973644777,Unhealthy,5.1958879439578425,Unhealthy
train_2831,58.08176107221609,Unhealthy,77.53529140910791,Unhealthy,5.843298353529871,Unhealthy
train_2834,251.30250679467468,Unhealthy,139.99207255836325,Unhealthy,14.538447696311476,Unhealthy
train_2838,68.94235970784459,Unhealthy,4.332953269056279,Unhealthy,3.207763732806682,Unhealthy
train_2841,0.0865339455691192,Unhealthy,1.020060134786462,Unhealthy,0.880707776643834,Unhealthy
train_2842,118.47773977059117,Unhealthy,30.14401928714457,Unhealthy,5.836002347219843,Unhealthy
train_2845,168.51684071883955,Unhealthy,-1.6448257157505033,Healthy,6.134416313032292,Unhealthy
train_2848,122.26316528335366,Unhealthy,44.58094051465426,Unhealthy,6.544487194968714,Unhealthy
train_2849,100.57492480516441,Unhealthy,-8.854796689162951,Healthy,3.677740499059606,Unhealthy
train_2851,232.5624565334274,Unhealthy,125.52176402720687,Unhealthy,13.352499343502814,Unhealthy
train_2860,120.32289976304321,Unhealthy,3.5604579454655862,Unhealthy,4.812081886276313,Unhealthy
train_2868,158.58099176974324,Unhealthy,171.98355854748345,Unhealthy,12.889425593877702,Unhealthy
train_2892,114.92744269179099,Unhealthy,52.23955379329662,Unhealthy,6.622854041058373,Unhealthy
train_2905,81.27926443802343,Unhealthy,35.86754367750541,Unhealthy,4.884831974542212,Unhealthy
train_2909,103.29947702828696,Unhealthy,14.484857207449434,Unhealthy,4.7150308135756545,Unhealthy
train_2919,57.29670327061448,Unhealthy,25.815270678525973,Unhealthy,3.711912681962203,Unhealthy
train_2960,163.44718154161276,Unhealthy,58.02208595602329,Unhealthy,8.403059581982578,Unhealthy
train_2964,194.60155715232935,Unhealthy,79.47103279931132,Unhealthy,10.26845506532546,Unhealthy
train_2968,117.83044763885212,Unhealthy,15.273020823287975,Unhealthy,5.209746271352496,Unhealthy
train_2971,157.91596795825674,Unhealthy,63.19345003790983,Unhealthy,8.437578021880274,Unhealthy
train_2982,-21.206342086777703,Healthy,-20.483569968771754,Healthy,-0.6729585999237484,Healthy
train_3035,-24.84515585422909,Healthy,-20.87011061576557,Healthy,-0.8045484702657755,Healthy
train_3100,-23.23836533136045,Healthy,-21.03207578416303,Healthy,-0.7599901207822057,Healthy
train_3148,-22.600367681270377,Healthy,-21.189301822445934,Healthy,-0.7460817900009761,Healthy
train_3202,29.656024626592888,Unhealthy,-10.970576434916541,Healthy,1.3337579841924183,Unhealthy
train_3209,-15.210859260279602,Healthy,-14.863795865094234,Healthy,-0.25320753019723863,Healthy
train_3284,-22.58698426063156,Healthy,-21.30190162601526,Healthy,-0.7502415402631728,Healthy
train_3465,-18.926028691105117,Healthy,-19.249566275636276,Healthy,-0.5501042249971672,Healthy
train_3477,-20.279663740286658,Healthy,-20.801749375937415,Healthy,-0.6564147894060983,Healthy
train_3573,-10.082232497745409,Healthy,-1.0229769336088985,Healthy,0.47376286641885823,Unhealthy
train_3689,-8.254744005041474,Healthy,-10.54327936515362,Healthy,0.14421213292452562,Unhealthy
train_3755,-23.30415497532927,Healthy,-14.422920680730916,Healthy,-0.4929147457215367,Healthy
train_3887,-23.088774688431307,Healthy,-21.39902291451111,Healthy,-0.7701722607863042,Healthy
train_4113,-26.965934582786605,Healthy,-18.18192653050042,Healthy,-0.7625855630353922,Healthy
train_4163,-10.040354422970651,Healthy,-3.715726954145044,Healthy,0.36542896634775257,Unhealthy
train_4172,85.6318146750994,Unhealthy,3.877394781802625,Unhealthy,3.7205450483118705,Unhealthy
train_4173,-18.455994510465057,Healthy,-19.507988660802052,Healthy,-0.545664678312259,Healthy
train_4177,-15.871065838277442,Healthy,-18.485948570349432,Healthy,-0.42174500626751876,Healthy
train_4215,-21.260277488967468,Healthy,-16.25206569163231,Healthy,-0.5023399912278185,Healthy
train_4272,1.884714208756833,Unhealthy,-20.40026667044617,Healthy,0.06557378251337598,Unhealthy
train_4379,-18.263653024713143,Healthy,-15.168759908416387,Healthy,-0.3628181860681652,Healthy
train_59,27.659038742641286,Unhealthy,16.66412081601177,Unhealthy,2.680453712081611,Unhealthy
train_62,52.912408365983545,Unhealthy,18.328715061672117,Unhealthy,3.6487350066258992,Unhealthy
train_65,24.74346769278157,Unhealthy,16.39596804820425,Unhealthy,2.564394196535928,Unhealthy
train_70,9.285111193029714,Unhealthy,-4.163796534295916,Healthy,0.8736874265884498,Unhealthy
train_172,90.2433059546521,Unhealthy,29.494457775385232,Unhealthy,5.569234811044122,Unhealthy
train_468,-21.380732508911702,Healthy,-15.290819578278418,Healthy,-0.8137667758245319,Healthy
train_668,-3.308651795109885,Healthy,-7.209495188969536,Healthy,0.26631681664437723,Unhealthy
train_678,-21.49277184638241,Healthy,-14.979593547078098,Healthy,-0.8001599991846983,Healthy
train_693,12.408267357445304,Unhealthy,-1.0754309033498792,Healthy,1.155404332415305,Unhealthy
train_703,-20.86496530713447,Healthy,-13.854309181070303,Healthy,-0.7151841127008888,Healthy
train_719,-22.992611317667937,Healthy,-13.346926657424856,Healthy,-0.7603737081074722,Healthy
train_801,-23.346672749386443,Healthy,-15.702475854731397,Healthy,-0.9049955673755705,Healthy
train_820,-22.71898243957063,Healthy,-15.77701405485032,Healthy,-0.8874413604515627,Healthy
train_1494,0.8169098524739127,Unhealthy,-6.163465088411696,Healthy,0.46799772621994506,Unhealthy
train_1982,-24.785655276682494,Healthy,-13.400988252016338,Healthy,-0.8255204343366602,Healthy
train_2131,-23.584788614142738,Healthy,-15.013750789092203,Healthy,-0.8745443872764056,Healthy
train_2312,-12.01689998278827,Healthy,-6.926936419059208,Healthy,-0.01945019879793186,Healthy
train_2314,-12.29362244336198,Healthy,1.4071588158614468,Unhealthy,0.4392546431296849,Unhealthy
train_2403,-16.970245576966803,Healthy,-0.40150938048494567,Healthy,0.17563318936186456,Unhealthy
train_2414,-24.137799673190976,Healthy,-14.231883892913508,Healthy,-0.8497672116266404,Healthy
train_2418,-21.34168604812256,Healthy,-15.242941673260937,Healthy,-0.8097240059639959,Healthy
train_2588,-15.858790687460898,Healthy,-11.195409661282067,Healthy,-0.39237313554740816,Healthy
train_2788,41.58783110402083,Unhealthy,17.533920757365546,Unhealthy,3.211805169160211,Unhealthy
train_2792,39.3638286686893,Unhealthy,42.55830673096695,Unhealthy,4.5408806265437525,Unhealthy
train_2795,5.913215007754474,Unhealthy,18.191207076246652,Unhealthy,2.013009380648034,Unhealthy
train_2798,27.940166514191993,Unhealthy,43.96070129575466,Unhealthy,4.223977953165069,Unhealthy
train_2799,24.663421259061614,Unhealthy,54.185844071888994,Unhealthy,4.685022754115051,Unhealthy
train_2813,16.077091066532148,Unhealthy,26.78518713025525,Unhealthy,2.8479676364088693,Unhealthy
train_2828,38.259767111126315,Unhealthy,25.476621954029962,Unhealthy,3.5428226707117494,Unhealthy
train_2830,70.30855917094277,Unhealthy,42.985257276834275,Unhealthy,5.636761437310119,Unhealthy
train_2856,82.40190451462254,Unhealthy,67.43064994528785,Unhealthy,7.42924023567323,Unhealthy
train_2859,152.96655412175858,Unhealthy,86.88047864607945,Unhealthy,10.966399951707615,Unhealthy
train_2863,40.839545604367125,Unhealthy,61.05535361613029,Unhealthy,5.631341058602778,Unhealthy
train_2865,68.39556617566564,Unhealthy,102.67360568350365,Unhealthy,8.924367083277714,Unhealthy
train_2873,42.11735901693712,Unhealthy,64.48720252959595,Unhealthy,5.868437588852197,Unhealthy
train_2880,93.20364197179535,Unhealthy,85.21374620106388,Unhealthy,8.802626847442658,Unhealthy
train_2893,-22.500200202109497,Healthy,-13.279343884702097,Healthy,-0.7395196871605523,Healthy
train_2917,3.6147929563434715,Unhealthy,-4.738267152501889,Healthy,0.6449946688680561,Unhealthy
train_2921,-18.23713170942834,Healthy,-8.436898423048953,Healthy,-0.3197563075463675,Healthy
train_2936,70.5886704481205,Unhealthy,40.61296282358971,Unhealthy,5.513165695364197,Unhealthy
train_2940,32.303751317686704,Unhealthy,41.0991273779871,Unhealthy,4.214336672998951,Unhealthy
train_2957,65.5943205270517,Unhealthy,15.973576594722768,Unhealthy,3.955687661429148,Unhealthy
train_2961,76.52469189441499,Unhealthy,55.8239327672557,Unhealthy,6.573482417219883,Unhealthy
train_2963,82.39690023587224,Unhealthy,34.350059933310774,Unhealthy,5.570278920546453,Unhealthy
train_2967,70.28702648081918,Unhealthy,94.65889757619041,Unhealthy,8.53954120314982,Unhealthy
train_2969,50.75069625673152,Unhealthy,62.64346650491129,Unhealthy,6.063887713405188,Unhealthy
train_2975,-22.91465948932924,Healthy,-12.193033767336832,Healthy,-0.6928366651975433,Healthy
train_3026,-20.346214626592634,Healthy,-13.885501437649935,Healthy,-0.6989678568067924,Healthy
train_3103,-20.730045426296122,Healthy,-10.46027420947113,Healthy,-0.5198008800134963,Healthy
train_3104,-17.04161348948979,Healthy,-13.998313269677656,Healthy,-0.5908390587530924,Healthy
train_3123,-21.21903010564385,Healthy,-11.787359905495624,Healthy,-0.6113072871173222,Healthy
train_3133,7.841919773512764,Unhealthy,-3.520107526081606,Healthy,0.8598655855125861,Unhealthy
train_3146,-22.564694228968243,Healthy,-13.293612585077426,Healthy,-0.7425554413706099,Healthy
train_3153,-21.15443962568369,Healthy,-12.886669570158503,Healthy,-0.6708398107868239,Healthy
train_3251,-11.522406645857092,Healthy,-11.860734848612443,Healthy,-0.2795500924420339,Healthy
train_3277,-21.74638332187968,Healthy,-13.161261591764202,Healthy,-0.7067733129037891,Healthy
train_3286,-22.95547304722113,Healthy,-10.933912980204848,Healthy,-0.6235007989163006,Healthy
train_3315,-18.815163703653198,Healthy,-11.207515343453391,Healthy,-0.49545877982995457,Healthy
train_3381,-19.663898599186382,Healthy,-11.629793614961976,Healthy,-0.5485856837589823,Healthy
train_3404,48.15601251689362,Unhealthy,3.3369799439715493,Unhealthy,2.6415979222377466,Unhealthy
train_3455,20.49998622603519,Unhealthy,0.664651253855844,Unhealthy,1.533467026018081,Unhealthy
train_3551,-22.36461036160879,Healthy,-13.246935368974187,Healthy,-0.7330019835498248,Healthy
train_3570,-19.805318602026666,Healthy,-12.014850980155273,Healthy,-0.5751205658184741,Healthy
train_3596,-17.856486249551857,Healthy,-12.624102561732006,Healthy,-0.5418488644253903,Healthy
train_3597,-20.296434585179,Healthy,-12.80230342910885,Healthy,-0.6363789760607583,Healthy
train_3699,-24.52984697898264,Healthy,-14.235624813531757,Healthy,-0.8635574896642431,Healthy
train_4078,-20.834012092701744,Healthy,-12.158463706911535,Healthy,-0.6188229031729596,Healthy
train_4141,-11.18580844220283,Healthy,-9.876277710788779,Healthy,-0.15638468609398348,Healthy
train_4150,-16.168999609518686,Healthy,-14.349033463480716,Healthy,-0.5803195549217496,Healthy
train_4237,-22.110982440085394,Healthy,-10.97794142809952,Healthy,-0.596722540597345,Healthy
train_4296,-18.52811198103437,Healthy,-15.05733033388277,Healthy,-0.7018355279261516,Healthy
