,GMHI_unintegrated,GMHI_integrated,GMHI_taxonomy,RF GMHI prediction
SRR5946989,2.8768405593649327,0.3938851272268912,3.6077758496958734,Healthy
SRR5983265,2.382892153507314,4.0871387771133225,1.2547798676135289,Healthy
SRR5946777,3.0657638029746943,0.5391848508288698,3.4028611503038904,Healthy
SRR5946822,-1.5748696697987699,-0.6582219885357287,-1.4209837125795264,Unhealthy
SRR5946857,1.795624110185225,3.7690948082250384,1.8660655772180046,Healthy
SRR5946780,3.065120251997378,0.5590879938036821,3.6336544808131346,Healthy
ERR209782,0.8675271069660534,2.886720937255406,0.811398601577631,Unhealthy
SRR5936213,1.5900092202207714,3.9917609180515514,3.201584283954601,Healthy
SRR5947045,2.9489490712391655,4.675320141471474,2.943978824192983,Healthy
SRR5947812,-0.631254186601184,-0.31801264114584676,-1.0098437888311411,Unhealthy
SRR5983436,0.29192406050254194,5.113375246995463,0.2493350278429742,Unhealthy
SRR5947076,-3.139469259454839,0.1667887270099096,-0.41455029432498475,Unhealthy
ERR209720,1.2178802289333093,2.6014464128704224,0.09862613191849783,Healthy
ERR209740,-0.7171180663274529,-1.2983520712817374,-2.0278308834741665,Unhealthy
SRR5983300,2.9718035917880425,0.7236602165756381,2.2954529029436603,Healthy
SRR5946696,1.4640060944568543,5.203894120722791,1.5317087855677314,Healthy
SRR5936030,0.6171686575640947,3.02056254804259,-2.981037041492554,Unhealthy
SRR5936048,-2.8718295745121014,-0.7109864898741209,-4.725775906538144,Unhealthy
SRR5935827,0.9929060516461083,2.9596727285570315,0.003244480371149325,Unhealthy
SRR5947821,2.726229320521462,3.9312712922067465,0.9055606863064495,Healthy
ERR210563,0.0,-3.0095019378721726,-2.3350687181513443,Unhealthy
SRR5935816,2.7794952753580584,0.5027846760117829,2.1622429746815137,Healthy
SRR5946609,1.8213685016267995,3.71964482613229,1.4977483943632277,Healthy
SRR5946907,0.05026005944207094,3.6297096575002508,-2.7228308096662386,Unhealthy
SRR5936139,-2.5924043449479464,-0.29203348016742897,-3.466305517100249,Unhealthy
ERR209697,0.353739677593679,1.1990298861686024,0.7392710683797283,Unhealthy
ERR209434,2.490126541419132,0.13031049590924512,4.042050965688222,Healthy
SRR5947063,0.5130811500084622,2.8340231480207887,-0.11397897783087974,Unhealthy
SRR5946662,-3.092249390335435,-1.461331565383649,-5.317825344634386,Unhealthy
SRR5935971,0.5465049301701793,1.6316416163419103,3.8155004533722665,Healthy
SRR5936081,1.0308614442703163,2.191733509636781,1.2665806369129937,Healthy
SRR5936118,0.9078314023780261,4.76009714534797,2.630368387017075,Healthy
SRR5936204,2.70140535117195,0.34270872789687995,2.7802493198452445,Healthy
SRR5935805,-1.5455008645715147,1.6365259799946446,-2.9455906735277506,Unhealthy
SRR5946749,0.8466504174370805,4.187017237471662,-1.3017290513587112,Unhealthy
SRR5983329,2.565016196382176,5.867264805341474,1.3744935344675226,Healthy
SRR5935976,2.343113005428215,6.007252976660077,1.5468099447094146,Healthy
SRR5935871,1.8126884159766823,4.988130393095088,0.8419161702034148,Healthy
ERR209175,1.5934881994215855,4.693948680498916,2.241896039706755,Healthy
SRR5935893,-0.7334242769300409,1.516274625267148,1.4803060368274885,Unhealthy
SRR5946674,1.0572102205987801,3.997010759694316,-0.3352971002723467,Unhealthy
SRR5946714,-1.9298445697124489,0.4475288626618501,-1.2796131766474927,Unhealthy
SRR5946826,-2.3119885539016822,-0.5184999682909782,-2.3712675203022373,Unhealthy
SRR5947004,1.9161194167064124,4.503449213607169,2.1186160519007067,Healthy
SRR5983346,2.497401253864234,4.755424080552862,0.9986054245417375,Healthy
SRR5935984,1.9017176402061153,0.45296121934489436,3.491100041434755,Healthy
SRR5935888,-1.0186227986430894,-0.8969555010772532,1.217083628378013,Unhealthy
SRR5935866,2.2473168657164964,6.0497844685859095,3.441756382365915,Healthy
SRR5935850,0.16919636211787054,1.3731337968617074,0.9722904953430209,Unhealthy
SRR5935963,2.934363483379494,0.5671476577928722,3.1007315143209833,Healthy
SRR5946730,2.8894346376684665,6.25972818781988,3.8083147637326014,Healthy
SRR5946828,2.4093228652625966,-0.10292141562114752,3.069000338798737,Healthy
SRR5947003,2.3358199634183823,-0.41232391912616706,4.210570497439591,Healthy
SRR5946754,0.790793290802024,3.389740666086086,-1.597583992550067,Unhealthy
SRR5946711,3.3260877451024515,0.521677387732907,3.404873119332418,Healthy
ERR209187,2.6804680417658733,0.07231075234272744,3.2219096076951215,Healthy
SRR5947813,1.0474736218896845,2.4518304774760518,0.3881848041533029,Unhealthy
SRR5946752,-2.7786603286476823,0.6997621941888379,-0.7564465842935303,Unhealthy
SRR5936041,0.0,5.956923738807245,0.24517053511352438,Unhealthy
SRR5983379,2.9524230217789516,0.47662753153690524,4.118159243088793,Healthy
ERR209376,2.9285913926206923,-0.05680287108725729,3.2178933533159384,Healthy
SRR5946996,-0.4398546479802226,3.075624457537163,0.20869634884610136,Unhealthy
SRR5946708,3.026219503061376,0.5566345632924038,4.456259362625004,Healthy
SRR5946733,-2.6055343612933397,-0.0644393546148495,-1.4280791906804418,Unhealthy
SRR5946966,2.9035705380158983,0.39931930393876985,2.7251206671468124,Healthy
SRR5983268,0.5940237045720401,1.800175137685797,1.163727355326472,Unhealthy
SRR5935920,-3.086778848931777,-1.3160049725258118,-4.91600636687036,Unhealthy
ERR210531,-2.8688111105792165,2.3708705983592835,-5.464033235197811,Unhealthy
SRR5946985,3.1037677503819654,5.958640657342452,3.5039143403699646,Healthy
ERR209745,1.4141717962580507,4.416021017757732,0.05936766462991688,Healthy
ERR210591,-1.8622763750084037,2.4237216595352242,-1.7741696729145517,Unhealthy
SRR5935770,1.9028013770154308,3.200422910486882,3.235484946229098,Healthy
SRR5983276,3.1012675658764586,0.3929810166787742,3.4994109532568087,Healthy
SRR5947029,2.758760302905852,0.5171352283959825,1.610150075298468,Healthy
SRR5936191,2.8938791596211657,0.5110987985273807,2.5972236353801255,Healthy
SRR5983418,2.201729225190931,3.7511011629919278,3.704849191933372,Healthy
SRR5946704,1.9677915155508718,5.762336874087314,0.7951262563847009,Healthy
SRR5946862,-2.0692800481554956,-1.2384145046793713,-1.952119911714787,Unhealthy
SRR5935975,0.5107383003143015,4.457327373607263,2.081696437390401,Unhealthy
SRR5935848,0.9525586235194976,1.4116856412880987,0.9620383907048009,Unhealthy
ERR209433,2.4758044620003945,5.067015244627557,4.007809585952721,Healthy
SRR5946867,3.386771818039818,0.7440906688722323,2.7762480449587166,Healthy
SRR5983450,-0.3161339858126963,-0.03486259391924036,-0.0019715317431824534,Unhealthy
ERR209811,2.2198073784080896,-0.20569303349171522,3.27347028447881,Healthy
SRR5946921,3.279031372594425,6.141417199745412,3.160685467918298,Healthy
SRR5946723,2.8748392936299396,0.5565099572745011,4.403061955074783,Healthy
SRR5946740,1.1883603284449789,5.048100491635555,0.7749381179931266,Healthy
SRR5936117,-0.9405811981207978,0.2668968863432311,1.2783031457567393,Unhealthy
SRR5946973,-1.394775116608181,-0.6497314377457604,-3.2771234319652285,Unhealthy
SRR5946927,-2.485873990901841,-0.3880839907043315,-1.7971335396613464,Unhealthy
SRR5946930,3.2328755183183016,5.714043127942657,3.8360513586021967,Healthy
ERR209725,1.9119839206184064,-0.18445682212226916,2.211719482743443,Healthy
SRR5947101,0.9143988026574583,0.46402476570013085,1.8673536949329617,Healthy
SRR5946876,3.243993813473489,6.06232937133556,3.7513833983994394,Healthy
SRR5935899,-2.120300119512568,-1.9514129085001348,-2.8457894057913506,Unhealthy
SRR5946659,-0.34187497257876115,0.32925359790703,0.015242009531841912,Unhealthy
SRR5946747,1.6889979831801616,6.116832515386229,3.263253070915755,Healthy
SRR5946911,1.6270837695725215,4.34995737964764,1.2975603107308535,Healthy
ERR209378,2.063299138238725,-1.763115481119256,2.0128887212589426,Unhealthy
ERR210092,0.0,0.0,1.317646403813559,Unhealthy
SRR5946644,1.6731520011313832,4.720110929911131,3.8286989625439327,Healthy
SRR5983331,2.9530107985030587,5.932689343143311,0.38348951886024607,Healthy
SRR5983480,-0.6902765621637603,1.9800416755467225,0.12343500868979741,Unhealthy
SRR5936212,2.858370470543515,0.7378852147986046,1.525907761488838,Healthy
SRR5946937,0.3571990159844141,1.8729229274025432,2.254230947536512,Unhealthy
ERR209953,1.067576118479786,-1.0065246847362965,0.0,Unhealthy
SRR5983428,-0.05260116268860276,2.1406854707439265,0.29571448729373173,Unhealthy
ERR209653,3.2722934632235727,4.3698347970490445,1.9045737356303412,Healthy
SRR5946968,-0.07006437556035176,1.7885541623291734,-0.32674237005163054,Unhealthy
SRR5947069,2.748869985283147,0.41954647706620374,2.1210021667411034,Healthy
SRR5947102,1.029249269468131,3.694804189332052,0.21077803033416548,Unhealthy
SRR5946942,0.9467450331951839,2.7441646617171944,1.1693533319143328,Unhealthy
ERR209336,2.76721393827235,-0.7878339195743711,3.2807395711408915,Unhealthy
ERR210367,1.2735221525542413,-3.2046908105402854,0.06947427234738016,Unhealthy
ERR209432,2.6441177401511453,4.968536659938205,3.974226933040903,Healthy
ERR209854,0.9493789772491849,3.6254698765605116,0.8262055686610954,Unhealthy
ERR209431,2.1573211050022785,4.0796245558496285,2.3822147938872464,Healthy
SRR5936138,-2.528667577828569,-1.3043085137107562,-5.375277500470109,Unhealthy
SRR5983412,-2.208899384291947,0.9158268391838695,-1.4126237616740156,Unhealthy
SRR5936200,-3.0390297549310366,-0.010986435414647715,-1.9039444965346712,Unhealthy
SRR5946702,2.451602207006878,4.221106066939033,1.2752786807739331,Healthy
SRR5946624,0.0,-0.7937204807381545,0.3218566899158258,Unhealthy
SRR5946619,-1.6626751617750404,-1.8099415005581772,-1.7264489690297848,Unhealthy
SRR5983270,2.118634125647438,4.120957653854375,1.4361678358921643,Healthy
SRR5935768,0.129708034965444,1.1501077180455241,0.6837345011538344,Unhealthy
ERR209339,1.6947655851199426,2.7993570170272397,1.9476745234607964,Healthy
SRR5936079,-3.4673375559545936,-3.0707201201686836,-4.407194622805556,Unhealthy
SRR5936192,-0.6803914038402081,2.1712674906575327,0.574315031190694,Unhealthy
ERR210366,2.453274470836726,-0.032115335286127006,1.9564006861905063,Healthy
ERR209667,1.9653619962338758,4.0698098883898,1.661043141841754,Healthy
SRR5935812,-0.0010444777703025876,1.3204359373674017,0.8325296927954102,Unhealthy
SRR5946954,1.0130086857891447,5.086097868550809,1.454338693955311,Healthy
SRR5946630,-0.6392845588866884,0.6618773030933947,-0.7506459182918604,Unhealthy
SRR5935813,2.3992651263449787,6.47685421214578,2.397441800000637,Healthy
SRR5946684,2.5650598936907927,4.102672250169607,2.8362077237471843,Healthy
SRR5935769,-0.42459804037988813,-0.3712480695314009,0.08877856196832812,Unhealthy
ERR209746,0.9698675518411944,3.6596113429566635,0.2137533086330788,Unhealthy
SRR5936219,-1.1717510589963192,3.061322360016642,-0.9240082328320698,Unhealthy
SRR5947024,0.8401719318149324,3.334221748051803,0.4597094135919686,Unhealthy
SRR5946664,-3.0757402902525044,-0.4467171126475314,-3.4041271562015405,Unhealthy
ERR209085,2.6010775223997924,-0.5790507767385484,2.5002443402237167,Unhealthy
SRR5935793,2.727106068682543,-0.17678062671940864,3.307451009188686,Healthy
SRR5936201,2.6145081220167152,0.3739686842654876,3.4402596875273628,Healthy
SRR5983315,2.3223348353433484,3.4392576342493895,1.2316740311647931,Healthy
SRR5947032,1.8195775954618054,5.402021683303199,2.673073082078892,Healthy
SRR5947851,-0.3094535906537408,-0.5160692792677826,-1.5863331776668173,Unhealthy
SRR5983271,0.46405315312897066,3.882177919327568,1.193923013639716,Unhealthy
SRR5946774,-3.549647681939758,-4.47106332686672,-5.248310116055362,Unhealthy
SRR5935929,2.73935393263641,0.47597089635701995,2.7576255003610397,Healthy
SRR5946779,2.843698751591164,0.34602298630215456,0.49732921698218896,Healthy
SRR5983357,2.4419385192401992,0.39521372221873086,1.92953451487706,Healthy
ERR210255,0.0,0.0,1.9734038192021126,Unhealthy
ERR209247,2.8013924494808795,0.09890227147750416,3.3354708251922016,Healthy
SRR5935981,3.1177315266264687,0.3556419444707294,3.6801825801199257,Healthy
SRR5935831,-3.426797282154166,-3.588998056066279,-5.133329550964603,Unhealthy
SRR5936105,1.6594000168836642,5.011991180445096,1.628921885508377,Healthy
SRR5983401,2.877506261595345,0.6013208197591569,1.6857151957015564,Healthy
SRR5946933,0.0,3.3761348567611993,-1.1396883048532065,Unhealthy
ERR209164,2.260521599288549,3.0037612005710543,2.8695964047760683,Healthy
SRR5946847,3.289852696939261,5.611789398452688,3.1036322442397686,Healthy
SRR5946800,2.6896938890532,5.4175560905562845,2.1965197524128515,Healthy
SRR5936146,-2.8836699102865766,-0.2497068520718982,-0.718075469601541,Unhealthy
ERR209707,0.2620010561710714,1.5098688334116859,-0.12656883660428733,Unhealthy
SRR5936038,-1.5786752232033467,-0.7651645308516618,-3.7171251199057793,Unhealthy
SRR5946612,2.5106912622307527,6.249925469412091,1.953913774524387,Healthy
SRR5947060,0.0,-0.5094814276336622,-1.6164314560445492,Unhealthy
ERR209440,2.632099102101958,-0.24025822374198486,2.765344046628345,Healthy
SRR5946874,0.3521803052062575,5.896617020072528,0.6299845516358863,Unhealthy
ERR209710,-2.142501731008348,0.07045897736907707,-1.440210128952777,Unhealthy
SRR5946963,0.7319194620840853,2.799311655710663,3.896265191855732,Healthy
SRR5936136,0.0,0.0,0.0,Unhealthy
SRR5947041,2.790992924064923,6.093863963042894,2.0435755112675063,Healthy
ERR209674,2.7592562901091506,0.17154880943168302,1.4904543165000712,Healthy
SRR5935995,2.693520730689989,6.103994227705522,1.2326149097543497,Healthy
SRR5983354,2.706541564120236,0.622312927971079,3.7283436912085692,Healthy
SRR5935966,1.2412028108362778,2.521695523616432,1.7066656317359588,Healthy
SRR5946673,-3.3763942975653918,-0.21613784659142846,-1.769179498305161,Unhealthy
SRR5983437,0.27156650203472776,1.770490442249662,0.38459792533639153,Unhealthy
SRR5935833,3.0311626092453956,5.821723299699174,3.651909977531947,Healthy
SRR5935772,1.62185760522185,5.020842211077925,1.8585531704384015,Healthy
ERR210526,0.0,0.0,3.173767596986098,Healthy
SRR5936096,-2.982008098245182,-1.1354013137819212,-5.097263288385437,Unhealthy
SRR5936126,1.907708870608457,4.492315451816914,0.43729501012596816,Unhealthy
SRR5946735,-0.5070022478070358,1.1177374177878199,-0.1863188373623943,Unhealthy
SRR5983299,1.00355274975037,1.0944045989560858,1.6359455548146211,Healthy
SRR5936207,-3.8171226912900496,-6.2498590678549935,-4.506514422109269,Unhealthy
SRR5946947,2.732693162716755,0.6874970756732941,1.5136566384086234,Healthy
ERR210558,0.0,-3.0030669889684405,-1.1580393687502535,Unhealthy
SRR5935936,-1.4948137680317912,0.14337173117980218,-1.4898730299404885,Unhealthy
SRR5935832,-0.6837106235837956,0.1299813160962923,-0.08604490863562922,Unhealthy
SRR5936128,1.5168716164263805,4.851492526203816,1.7636938906858692,Healthy
SRR5936229,2.8035210687466794,0.01960958483301885,2.67748531490298,Healthy
SRR5983400,0.33630957457088057,3.751421909957519,0.31935383644911386,Unhealthy
SRR5936115,3.209100292320178,5.9065264684693295,2.814315016385385,Healthy
SRR5946666,-2.39157848201171,0.46283257104806386,-0.7267699295012818,Unhealthy
SRR5946815,2.913879565125188,0.6391909752862162,0.4571916752303556,Healthy
ERR209716,-0.4549339267780654,1.4334659506542313,-0.35371008570697193,Unhealthy
SRR5946844,-0.3398217192602412,4.085470114709145,1.926419003313979,Unhealthy
SRR5946755,0.0,4.44831494943424,2.1580375864682044,Unhealthy
SRR5946725,0.1630385636765415,0.4788773752584046,-0.5309933318227777,Unhealthy
SRR5946762,2.759452363392782,5.9694613087708905,1.871863253414081,Healthy
SRR5947090,-1.653507376939347,-1.0816614855942417,-2.167315719880565,Unhealthy
SRR5947028,2.187888735945217,0.5983693716417979,1.626211979916714,Healthy
SRR5936058,3.7903191193612398,6.432721166149007,1.984774336906225,Healthy
SRR5935892,2.0942174929817483,-0.39688113258981456,3.865622706589456,Healthy
ERR210594,1.0545520287133086,-2.160820635930349,3.1772948687498106,Healthy
SRR5936160,-0.960255967870267,2.6250394194128384,-0.915286748139918,Unhealthy
ERR210495,1.4535782159630468,-2.130648275521672,2.255333686811064,Unhealthy
SRR5936098,2.4206843607239237,5.050395207615222,3.5033128028080274,Healthy
ERR209088,3.0800847277453283,-0.06021112295524347,1.9699060843570102,Healthy
SRR5935865,1.9276228774185213,0.04022817902908395,1.1588659118639146,Healthy
ERR209701,-0.949412346913546,-1.3888163729787844,-1.0609200212829284,Unhealthy
SRR5935851,-0.23898638580689002,1.4560242236419982,0.6874218521955939,Unhealthy
SRR5946670,2.5270580052407996,4.808195924643777,3.4146725905666826,Healthy
SRR5947040,-1.884676899919689,1.3409026275972367,-0.9940507866876808,Unhealthy
SRR5935876,2.715039619159703,0.635529236849553,4.021633284165004,Healthy
ERR210549,0.6544017726718943,-3.1030691700855284,0.25739587916923384,Unhealthy
SRR5935924,1.1695922244670076,2.120590668693796,1.459130969740517,Healthy
ERR209298,2.5289966940306017,-0.3865087669906604,2.048883967110848,Unhealthy
ERR209375,2.9715519187641846,0.07638328468143317,4.177871189547175,Healthy
SRR5936065,1.4075944874564839,2.915150564128364,2.5373177143072354,Healthy
SRR5946632,2.55423847349761,3.390293135667277,2.6553465613024363,Healthy
SRR5946974,2.7383150010538793,0.556226762989568,3.2459676624225984,Healthy
ERR209070,2.5920560291970687,-0.030621270005282912,3.8454576645479768,Healthy
SRR5946617,-2.4510491284402005,1.591683846816156,-0.5085094057813068,Unhealthy
SRR5935996,-1.1856532851178283,1.463768223581816,-0.7207057371528751,Unhealthy
SRR5935740,3.24865577393115,0.4892094098613747,3.9648449994729607,Healthy
SRR5935798,1.4776332778185144,3.323155393353023,1.7427372110455928,Healthy
SRR5947022,2.4386541984475207,4.30364785144838,2.781685930957208,Healthy
ERR209310,3.026326073521194,6.355127523744979,1.9005275656370395,Healthy
SRR5936188,-0.9921654718050886,0.7055874221543664,-0.28987815483332946,Unhealthy
SRR5946787,3.0205069723659945,0.47697524610708286,2.849718934462661,Healthy
SRR5983360,-0.0945331455503368,0.9586382198297002,-0.02419073548714873,Unhealthy
SRR5946987,3.1832169248191082,5.801399686262226,2.52108329492925,Healthy
ERR209696,0.27268004755540914,1.348285381196065,0.6499021830754756,Unhealthy
SRR5936173,1.564420582808109,0.578610039984247,1.2517642004483116,Healthy
SRR5935764,1.8333796259855362,3.580293505116254,4.592317462070938,Healthy
SRR5936222,-3.689714919896902,-1.3232653277101032,-5.481006038732849,Unhealthy
SRR5946645,2.986203929710614,0.3810381780872845,3.921406123031695,Healthy
ERR209813,2.402585934421934,0.23818007702556387,1.4093230072338299,Healthy
ERR209679,-4.194783099784841,-4.971775150903367,-3.07381044184646,Unhealthy
SRR5936020,3.079109327997794,0.4047463314535189,3.5278444463860996,Healthy
ERR209096,-0.06787623895979351,-0.7875706697839545,-0.23590807991299112,Unhealthy
SRR5946746,2.8341472938693233,0.6595046360700973,2.409008492442746,Healthy
SRR5946701,0.6691400174575974,2.0997080042577667,2.89096402095622,Healthy
SRR5946962,-0.6187332279466043,-1.4851123796461074,-1.310981539844474,Unhealthy
SRR5946689,2.8132871794221352,0.7895674379958579,3.4066030270641545,Healthy
ERR210202,0.0,-2.2518343416927618,2.949811807790953,Unhealthy
SRR5946652,0.5764936133365609,1.8542377346780694,0.9355526580546845,Unhealthy
SRR5935773,0.9622374619610236,2.5424013489113344,-0.6212229225720849,Unhealthy
SRR5946955,2.7577906821794884,4.152905560634934,4.77954801440217,Healthy
SRR5983386,1.901491042803483,5.90970914062925,2.8823345366696005,Healthy
SRR5946751,2.629172185879136,0.4307862807917401,1.8475782788299369,Healthy
ERR209405,2.859857372226846,-0.04704846392805549,2.371364529560076,Healthy
SRR5946713,-0.4770733336818055,1.2719779108620888,-0.4113871550991367,Unhealthy
SRR5983325,0.04518312860351605,2.595385135246226,0.23863909030951186,Unhealthy
SRR5946967,2.105866377878785,-0.032180521167629025,3.1994205725926688,Healthy
SRR5947094,-2.9798384549498573,-3.107069872516632,-4.732717885581678,Unhealthy
SRR5935817,2.562074826749143,0.7028891515963629,3.5243819748878993,Healthy
SRR5946920,-0.028083631505055173,2.4829189615336738,1.9572244507032386,Unhealthy
SRR5936035,0.12214457065730686,1.2132559251013906,0.9656416704266753,Unhealthy
SRR5935891,-2.316464816263169,0.01550089318846411,-1.5914589424392518,Unhealthy
SRR5946881,-0.7977307706200775,2.1651514355341765,-2.2034049283040607,Unhealthy
SRR5947044,-0.32222618144104187,1.1399454085241663,0.43104229415542,Unhealthy
SRR5935958,1.4080307468945379,3.675893780487022,1.2185055508850509,Healthy
SRR5936016,-1.995195713494309,-0.6401666321467768,-2.8739423894668734,Unhealthy
SRR5947049,-1.0214280348263116,0.7158435856458455,-0.6354880025075775,Unhealthy
SRR5946981,0.996313680494875,3.2016122857691767,1.7190710477720517,Unhealthy
ERR209891,3.492414000207237,6.204236800270546,2.474698454210939,Healthy
SRR5935771,0.7070060336469955,0.8405563307939109,2.1997586002438063,Healthy
ERR209700,-0.721896685445628,-1.372042172774994,-1.4307903474780503,Unhealthy
SRR5946791,3.341213509893549,5.944227481785463,3.4500297560440503,Healthy
SRR5936167,-0.4950754482165805,0.8170641808142947,-0.7311303368721314,Unhealthy
SRR5936044,1.9947909610635546,-1.1497591311848987,3.839772721730932,Unhealthy
SRR5935915,1.4380155776057246,3.5475045285503795,3.749392708642966,Healthy
SRR5983391,0.5696508364313159,3.52763601051641,0.5354866040763635,Unhealthy
ERR210598,0.0,-1.7691089257409087,2.9971462943522775,Unhealthy
SRR5983335,0.8858265183996153,1.5953312801146184,1.56174844146833,Healthy
ERR209936,0.6528387794850866,-4.614266622992505,0.0,Unhealthy
SRR5936223,-2.995331254363652,-2.9824528933660446,-4.467293943704937,Unhealthy
SRR5983380,2.0266919271637085,5.446184765784125,1.9645799190446107,Healthy
ERR210422,0.0,-4.378565455246132,3.463877447068116,Healthy
SRR5935794,-3.7552155619945915,-1.3590774766307776,-5.698549832598499,Unhealthy
SRR5946640,0.43672702341197567,0.16510120841123466,1.1923225385765093,Unhealthy
SRR5946863,-1.4138985333358758,2.2011309576629987,2.617462679916521,Unhealthy
SRR5946808,2.5833164010626466,3.3947491164610764,2.3389535560465067,Healthy
SRR5936097,3.347036780922932,0.6061834925578982,3.9763597648410567,Healthy
SRR5983333,2.026515871924799,4.381218018892058,2.7058016413053583,Healthy
SRR5935777,-0.05585057654610325,1.516849894727424,-0.6073516277514796,Unhealthy
SRR5983405,0.8480045822936987,4.944947957811228,-0.4119200771108013,Unhealthy
SRR5936025,3.04520669793634,0.549783049985498,1.869002376125347,Healthy
ERR209163,1.1242016186628727,-0.8243136335384769,3.6929052036145356,Unhealthy
ERR209082,2.8599455912970324,-0.10940979554850874,4.001886612921592,Healthy
ERR209749,-1.112260531311327,0.002484002438920928,-0.600306130881176,Unhealthy
SRR5983459,-2.716520516721455,-3.3049261324818384,-3.353531632890899,Unhealthy
SRR5936095,3.0036798097487014,0.6775673399741402,3.653793295310049,Healthy
SRR5935820,2.815690206442334,0.5887139341770478,1.3885285951738415,Healthy
SRR5936111,2.2207368426313225,-0.7487609883083503,1.1106822048091634,Unhealthy
ERR209487,2.4304839649208514,-0.7650341771188343,3.3551302193608703,Unhealthy
ERR209118,0.2956832272818851,0.21479740498705804,1.8047527045975427,Unhealthy
SRR5947008,-2.906203813966627,-0.5308933211021428,-4.535725974513418,Unhealthy
SRR5935916,2.787580126521336,0.7313993215402402,3.6550133618253646,Healthy
SRR5936056,2.5577255187741668,5.5280032662837915,2.5075141862752903,Healthy
SRR5947080,-2.2630785866363534,2.500144821485526,-1.2085526002323983,Unhealthy
SRR5946651,2.2442475319385387,0.4683042822292856,2.619670257575153,Healthy
SRR5946737,0.029076908852630434,2.821525347322117,-0.8732359617621934,Unhealthy
SRR5946866,2.3088810895177714,3.3013410942974937,1.94330726585038,Healthy
ERR209846,2.319144709355433,4.4235789716708185,1.2593517243363455,Healthy
SRR5935789,1.3395087889198196,-0.5066988475015513,0.5564771917277783,Unhealthy
ERR209160,0.7290723553909635,0.6792995633061738,-0.5550317945710258,Unhealthy
SRR5946829,0.6412792830364916,2.874185944001735,-0.7439758265944754,Unhealthy
SRR5936071,-1.4792002392903862,-2.229073561069152,-2.5319939745973055,Unhealthy
ERR209731,-1.837390161380872,-0.5835063984261842,0.677742008050793,Unhealthy
SRR5936062,-3.760337479931401,-1.2789544119166918,-5.525031435094982,Unhealthy
ERR209246,2.9615472910428853,0.5771618323315658,2.6350261743605774,Healthy
SRR5983326,-0.1335195973356422,0.8380385149089485,-0.09758165005329887,Unhealthy
ERR209520,2.5628044006960145,-0.2013232939489069,3.63682787463236,Healthy
SRR5946707,2.201447613444742,5.977787031496637,2.538337237761438,Healthy
SRR5935898,-0.56369178234251,0.6975436376849021,-0.15242376636853425,Unhealthy
SRR5983406,1.7533419903904306,4.021728619749481,1.5443538481530463,Healthy
SRR5946731,1.8980993715727819,6.016968161400561,3.635262486383213,Healthy
SRR5946995,-2.1729909762735233,0.49543007475321654,0.19786592790429788,Unhealthy
SRR5935774,0.5191312535439445,2.2223606640965414,-0.09226627679763538,Unhealthy
ERR209266,-1.26690082337348,-0.5321936695545554,0.32744257604355065,Unhealthy
SRR5946988,0.8254362642717125,2.197958592416762,-0.3571713908685942,Unhealthy
SRR5936141,0.0,0.23130873065312502,1.4294492446152345,Unhealthy
SRR5983372,2.8822696752657246,0.4915812514867483,1.032047438317947,Healthy
SRR5983470,1.1028891351430765,3.7831298998433063,2.003738411036391,Healthy
SRR5936076,-1.2491160128267729,-0.9370027980339029,1.1487123771827856,Unhealthy
SRR5947104,2.917981774934469,6.266048431744466,4.423197537770621,Healthy
SRR5983422,1.5409971165645573,4.94011033329899,2.511721134221078,Healthy
ERR210098,1.1945221875925904,-1.9029290816887718,1.823484744063734,Unhealthy
SRR5946894,2.56793217077755,3.4575343175190167,1.7271785818891274,Healthy
ERR209083,3.046484262015514,0.07961282555608255,3.619471693800189,Healthy
SRR5947070,0.9576288847240203,2.7846781261817513,-0.5246937070706703,Unhealthy
SRR5947007,-2.023004454677433,-1.1471820074623855,-0.5504499329702238,Unhealthy
SRR5946672,0.30081812622476234,1.2685735671334355,-1.0807902067565192,Unhealthy
SRR5983481,0.13421223018581446,1.0270545711629953,-0.11320195562503554,Unhealthy
ERR209693,-0.1800702573001246,1.0157638756324778,0.44087290117658234,Unhealthy
SRR5947010,-0.9635940444649861,2.3732953572934306,-0.5916071476878,Unhealthy
SRR5935841,-1.5534783139896389,-0.21013209426540966,-3.5195202952864784,Unhealthy
SRR5946716,0.43750475854615223,3.1511351739664786,-0.2699044425431068,Unhealthy
SRR5983393,0.8557491018651721,2.0610288667777845,0.4986525887675175,Unhealthy
ERR210519,0.0,-3.0997628303451012,3.6030438451939033,Healthy
SRR5946946,2.9671569110631553,0.5443318093086318,4.274313134744297,Healthy
SRR5935784,0.6792525055671108,1.973117898672441,0.46022995927959126,Unhealthy
SRR5936218,-1.854897663469974,-0.3765907445825321,-2.1360323214885306,Unhealthy
SRR5935923,-0.233748336528336,0.9777824443588367,-0.14992917748132237,Unhealthy
SRR5946712,-0.08564210680190473,-0.4763532208075446,0.9382479797822467,Unhealthy
ERR209379,2.0691843850155243,-1.9587616582550926,2.4180375813200787,Unhealthy
SRR5936208,-1.908440687384885,-1.3498379455799365,-2.1173834417628017,Unhealthy
SRR5983479,-3.416653775293265,-2.4675912581733392,-2.656593419447524,Unhealthy
SRR5936197,2.8264867931744377,6.494687119666004,3.4282010406885353,Healthy
ERR209225,0.8905600166176678,0.44440053890840725,1.425298561227127,Unhealthy
SRR5947048,1.5707793549436257,3.4297361317776707,3.487411560342451,Healthy
SRR5936043,2.020653928552668,6.412120708066838,1.7804583561530705,Healthy
ERR209439,2.9825811161655,4.4066986463836155,2.439545470769062,Healthy
SRR5935808,-1.6603993293311428,1.1050769634742998,1.6686774163459304,Unhealthy
SRR5947042,0.8719875411455781,3.981006380699767,2.21722983160126,Unhealthy
SRR5946790,-1.5724299100585382,1.599915756324867,-3.059363168597605,Unhealthy
SRR5946685,0.6967221136292727,2.939181281821164,-0.5302453108590908,Unhealthy
SRR5946915,-2.478353073346829,-0.445170595734819,-2.3312006842896293,Unhealthy
SRR5947834,-0.626012611671173,2.6390556056229992,1.8875032682481263,Unhealthy
ERR209671,2.0091169666867996,6.626191685622381,1.5487995148543476,Healthy
SRR5947027,2.890044237919326,0.7706946121514863,3.0603540835080105,Healthy
SRR5946931,0.9848743207733669,2.3663823726926845,0.7462925602134659,Unhealthy
ERR209470,3.059976595760272,0.18918916313089212,2.4049673487387233,Healthy
ERR209415,2.816435939813518,0.5470321202620788,1.3695350337094336,Healthy
ERR209371,3.195822725640733,6.308580164674189,2.24764652469906,Healthy
SRR5983317,1.8170361643715602,3.429448875199395,4.137213609992918,Healthy
SRR5947072,4.004805259958506,7.007357210008056,3.4629480659021605,Healthy
ERR209810,2.7225338792297404,5.860747272444361,0.9739368493736046,Healthy
ERR209726,0.7853473682830031,3.1500718050981225,0.6280544803834708,Unhealthy
SRR5946861,2.79987165236859,6.145519274903842,4.470260409124864,Healthy
SRR5947019,3.0706958201752386,0.6218323313272355,2.4786388807682407,Healthy
ERR210592,-2.484390384627548,1.8405332998363477,-1.7054057261662134,Unhealthy
ERR210091,1.190237964091207,-2.9435842877141933,3.2156635598005052,Healthy
SRR5936112,2.6834811530375235,6.035703985165254,3.165922957097868,Healthy
SRR5946757,-0.15338178712940148,1.3749412469938889,1.076913866980642,Unhealthy
ERR210263,1.0876714208328258,-2.0257251719018377,2.6842979662193494,Unhealthy
SRR5947000,2.82511001848239,6.1016773926642305,3.581432620244775,Healthy
SRR5947057,1.872402051302334,4.0305419141506444,0.38864089205267627,Unhealthy
SRR5946845,0.18571582831008063,3.7747519758166583,1.0124843521177673,Unhealthy
ERR209448,2.550752324319067,-0.10640530592973402,3.49241485747419,Healthy
SRR5935894,-3.5735045759833137,-1.323698240608951,-5.571979869115115,Unhealthy
ERR209692,-0.1996855152384941,1.0889282886113334,0.4723901468134591,Unhealthy
SRR5936031,0.7944788703345785,1.935701718788754,1.700233880368986,Healthy
SRR5946943,-0.3606024685712424,2.064576935613548,-0.01939206125030369,Unhealthy
SRR5935904,-0.5793048771846829,2.5306905428989,-2.4145760408050636,Unhealthy
ERR209343,2.3652155317954997,3.9526108663152537,3.7100825275740394,Healthy
ERR209354,1.8869577399255193,2.722871018809437,1.0348554685819351,Healthy
ERR209812,1.9398291415115583,4.874236035968734,0.766494010913146,Unhealthy
SRR5935875,2.259624253548145,3.808122739963844,0.3297734801312696,Unhealthy
SRR5936198,2.30561052881945,4.61488726393345,2.9013387129899972,Healthy
SRR5935931,-0.9031749054312687,0.29014325551994846,-2.8138319117235913,Unhealthy
SRR5946623,2.82284997158965,5.188212157848608,3.8456582811759468,Healthy
SRR5946935,-3.6883381907095654,-1.3627117234753374,-5.438170664568823,Unhealthy
ERR210568,0.0,-2.366155285355253,1.2127929829535105,Unhealthy
SRR5935765,-0.906977586792955,0.14380587611147,-0.7847371229461773,Unhealthy
SRR5936186,-1.7336535471353773,-2.401780287256434,-3.8340163525974953,Unhealthy
SRR5935810,3.0667918435324992,0.30214821396991914,3.827093881006441,Healthy
SRR5935912,0.5306357402521926,2.122929452763879,-1.0751823978576278,Unhealthy
SRR5947831,-0.9786966903082976,-0.6329235392784724,0.7857686236610399,Unhealthy
SRR5936104,1.3125843988696841,2.8846779938470157,1.7347635629894098,Healthy
SRR5946870,2.87888751891051,0.2272055447058469,1.9023020136786954,Healthy
ERR210220,0.0,-4.137680543954444,0.0,Unhealthy
SRR5946776,3.144418314408457,5.939311910796384,3.866348874629907,Healthy
SRR5936168,2.9903843760350743,0.5593291715521892,3.159018533975945,Healthy
SRR5946650,-2.827447058462862,-1.2637921044387757,-5.348435586142054,Unhealthy
SRR5946627,1.7937067232495967,4.236056986461454,-1.8682335053733123,Healthy
ERR209380,2.060870561930199,-1.7795013260515518,2.1432920386750625,Unhealthy
SRR5983327,-1.8687456693359585,-1.960586172642244,-2.0879677522854534,Unhealthy
SRR5935795,2.633666086251157,5.222777401104071,1.6145069680681128,Healthy
SRR5936052,2.565254146615231,5.983351141854769,3.932775934854623,Healthy
SRR5936156,1.8050029023570158,4.8174847794559446,2.3026530507643224,Healthy
SRR5947077,-1.3140239132679035,-0.8403321409382833,0.11785743868534698,Unhealthy
SRR5947869,2.9347704350964086,0.6135584786928947,0.6155455948928185,Healthy
SRR5935802,-0.37099929588319647,1.2354913656979951,0.917336456107473,Unhealthy
SRR5983279,1.4355544463320131,2.4417111541416663,2.513362664591576,Healthy
SRR5946880,1.6570652768446288,4.839150944200744,1.2739919838534643,Healthy
SRR5935849,0.30047694497481253,1.4841407521350385,2.0325758210846443,Unhealthy
SRR5983472,-1.5836226575910157,-1.9393454193150448,-1.5128669365133407,Unhealthy
SRR5935749,2.4044950258429263,6.017940241155441,4.012187402110143,Healthy
SRR5947031,2.914484081452864,0.7577915255982852,3.4202133613434684,Healthy
SRR5983446,0.33036631901823227,1.784998973413122,-1.0782693061624062,Unhealthy
ERR209162,2.221150018227819,-0.11288754513268662,1.2394341338351256,Healthy
SRR5946817,3.129055203278968,0.40117407696564694,3.535256564837485,Healthy
SRR5946969,3.3181740590161475,0.7290269155076877,3.520368161019249,Healthy
SRR5936190,1.5894761512143638,-2.241000891850207,2.404678618682095,Unhealthy
SRR5946853,-2.543736853359989,-1.0217036182653674,-3.2563565765451052,Unhealthy
SRR5936114,1.7532890651843018,4.614865210644211,1.4778389691633584,Healthy
ERR209711,-1.7907007102141326,-0.0504480716767928,-1.2605253061695574,Unhealthy
SRR5946681,2.747631657809877,0.5586189308691563,3.1446752512232066,Healthy
SRR5946971,3.174746922259757,0.3581975198845719,3.1727211706525074,Healthy
SRR5935825,3.1273818266868596,0.6058386467004779,3.552290318976196,Healthy
SRR5947001,-1.9762875428419893,-0.21611627443849366,-0.9879831012439477,Unhealthy
SRR5946834,1.3110650429986992,2.235935377212066,2.128736555384967,Healthy
ERR209072,2.69523319428789,0.004302160135215488,3.8666633668127655,Healthy
SRR5935965,1.0842517396551323,2.3952825101722937,2.355176334944413,Healthy
SRR5935938,2.933772398614903,6.34291436017595,2.2680992499138526,Healthy
ERR209071,2.6741395791276967,0.022607248331098565,3.8975974602471894,Healthy
SRR5935941,0.0,-4.315157763608572,-3.4892446198157603,Unhealthy
SRR5936014,2.0593546553049777,4.943010596534821,2.8986832596373264,Healthy
ERR209648,1.681565426905976,5.825589710891074,0.9555808280949706,Healthy
SRR5946993,3.0149280655463744,6.191488097300132,3.905712878364126,Healthy
ERR209296,3.0867662737392245,0.5181299859187802,1.9592743733500235,Healthy
SRR5935903,-2.7120945236701055,-3.7249092527568997,-2.3402878286973325,Unhealthy
SRR5947052,2.9553330430419784,5.548413417201718,3.149225337823687,Healthy
SRR5935997,-3.0088927099915335,-3.1552930925801217,-4.618225734345777,Unhealthy
ERR209084,2.8996481219046113,-0.12869107749507788,3.234322001465561,Healthy
SRR5946657,0.26776116383798876,2.851705219682858,-1.3810921499287039,Unhealthy
SRR5946992,2.3056580869410914,5.951152287117976,1.8677337028484906,Healthy
SRR5983284,1.395607751383885,3.9722552209835915,2.0855783957683753,Healthy
ERR209685,-0.9527691807565409,0.7632188024555122,-1.0941184542426436,Unhealthy
SRR5946891,2.60684920459578,4.192838740468353,3.516033769054642,Healthy
SRR5983434,0.07731845535348303,3.980420403312647,2.9141823339997015,Healthy
SRR5947085,-2.9767143142434422,-1.960395675078565,-4.373045716465846,Unhealthy
SRR5946628,2.6196278634336303,0.2876078792043613,1.7054460846180686,Healthy
SRR5935767,2.387672937569615,-0.4148775098484028,1.7127144666708523,Unhealthy
SRR5946958,3.0293602698304394,0.5671859887678263,4.664097232834636,Healthy
SRR5935760,-0.10079707779050102,4.020547618041775,1.2203899272325656,Unhealthy
SRR5946772,0.1859003842892152,2.810626407411045,1.1055936011397398,Unhealthy
SRR5983469,0.9120324895019598,4.65968901220563,1.0985777702787294,Unhealthy
ERR209226,2.010166214806461,-1.543852600384176,1.2738947342146434,Unhealthy
SRR5946620,-1.727446395511828,1.405745483119074,0.006463460439456818,Unhealthy
SRR5946864,-3.1368863211625366,-1.40935640473318,-4.871366008919201,Unhealthy
SRR5946868,2.651335154428917,0.3162855523063618,3.4621453572754906,Healthy
SRR5936037,2.837414769880339,0.7121890670133552,3.2630295106704854,Healthy
SRR5983355,-0.5995124666012513,0.19993083165953657,1.2055821554468957,Unhealthy
SRR5946748,2.951816160879745,0.7150836547004111,2.593361860336048,Healthy
SRR5946760,3.1748168243111636,0.5094796193236959,3.2792878705882265,Healthy
SRR5935889,2.6607268505900645,5.6335229691133994,1.5014215546230092,Healthy
SRR5936100,-3.126078316936978,-0.40072988732179593,-1.50667986617429,Unhealthy
SRR5935823,0.3920834744426233,2.156024199508515,-0.6684549209416532,Unhealthy
SRR5935897,1.252236913939724,3.205069955262593,1.8868296673185332,Healthy
SRR5946846,-0.35833935949692464,0.2548970012933052,0.26763960272307186,Unhealthy
ERR209441,2.649599627233284,-0.36228394042277495,2.972743047838089,Healthy
SRR5936019,2.284942712376436,5.414037589460912,2.8660485703079472,Healthy
SRR5936231,2.923164820358912,0.6079369135200234,2.891530751386954,Healthy
ERR209722,3.209804594717149,0.544770655550262,2.106407224085899,Healthy
ERR209300,2.821128835314296,0.013411306796226376,2.0377903592134095,Healthy
SRR5946883,-3.7027981240721224,-1.2528246292929528,-5.451686609080421,Unhealthy
SRR5946788,2.867170399466207,0.7021609788632022,3.2964528053253788,Healthy
SRR5983376,1.9018789466501544,0.40941034513310315,1.9655336507204753,Healthy
ERR210569,0.0,-1.7159239286089758,2.0085157662172057,Unhealthy
ERR209373,1.976842591954155,-0.6336502334976059,3.8492795175072736,Unhealthy
SRR5946905,3.310451890555898,0.7387931263556277,3.8916193795066807,Healthy
SRR5935968,2.1202174404243723,0.4601317084550425,2.9105626487218053,Healthy
SRR5983291,2.4933329123544934,-0.10803832121072052,1.6398453659032026,Healthy
ERR209299,2.4875214370827097,-0.4356468408380179,2.056523013901508,Unhealthy
ERR210695,1.37527302785896,0.0,3.3922943634880416,Healthy
SRR5936199,-0.5472887006689167,0.39662770229249283,-1.7241112791653803,Unhealthy
SRR5935778,3.1991499604224773,0.6409856914747477,3.8131317522125703,Healthy
ERR209799,1.7694735147261023,4.741701661654608,3.5143503290208216,Healthy
SRR5946851,2.8735008932614807,6.0179186577599175,1.8915131625520167,Healthy
SRR5947036,-2.253856182448499,-0.45944080760653705,-0.18502588339668238,Unhealthy
SRR5947053,-3.178985684267665,-1.1836792449492741,-2.706491103307092,Unhealthy
SRR5935792,-0.6727219232152813,1.2937968127125756,-1.2049328518902502,Unhealthy
SRR5946821,-1.6533708046087474,-1.615032796403454,-0.4268844514946809,Unhealthy
ERR209248,2.7526614362898885,0.09311003414801353,3.32191164228778,Healthy
SRR5946924,2.8323379375372935,0.5868588431531229,4.194483893256715,Healthy
SRR5946892,-0.19677211525514798,1.067287935344518,-0.8756538556990552,Unhealthy
SRR5946671,3.182594769480649,0.5741731962281681,2.3267068896649112,Healthy
SRR5983367,-1.3540417525528625,-0.604875773346903,-0.9586393110922345,Unhealthy
ERR209684,-0.6573607327103692,0.9498752739237756,-1.5826453748391045,Unhealthy
SRR5936132,3.3431992452149184,0.5873759233957536,3.1123360335623915,Healthy
SRR5946909,-1.733773841443286,-0.5859770469830199,-4.510183327988542,Unhealthy
SRR5936195,3.158510968444077,0.6928203396252204,2.2835623687807334,Healthy
SRR5935781,2.1457439188179723,-0.2449111585158999,3.2421774462453086,Healthy
SRR5983462,-0.17827953230532442,0.9281928025910607,0.8893104874694627,Unhealthy
SRR5983403,1.2471389782526927,2.6166425222152654,2.806764058799156,Healthy
SRR5983384,2.3833555412937777,3.9598247920052647,1.344874421980804,Healthy
SRR5983272,0.17360093581350144,1.6069983101989953,0.9361197487711364,Unhealthy
ERR209069,2.331440556826103,-0.10959599873064123,3.5946510326919605,Healthy
SRR5947832,-2.2976894319544012,0.05753371558141635,-1.593712539304426,Unhealthy
ERR210536,1.5798998297738913,-0.6599818297282855,0.0,Unhealthy
SRR5946675,0.07348428953340923,0.03327137495694933,0.9706504954677012,Unhealthy
SRR5946952,2.7384709432935725,3.566447209015088,1.7647577888185781,Healthy
ERR209286,0.28465519102256415,-0.5060385810812001,1.0208031871389525,Unhealthy
SRR5947836,2.0123168540683896,5.592255299028458,2.779175738858441,Healthy
SRR5947815,1.3327695180749604,2.529590966905172,0.2539066427200771,Healthy
SRR5946625,2.0611677956095713,5.419602590761967,2.320640542507064,Healthy
SRR5947081,2.8960743869131096,0.6896007435981146,1.9540922194002404,Healthy
SRR5946799,0.0,-2.1525005137397706,-0.3948039612977459,Unhealthy
SRR5946608,2.77632009010448,0.5815200572386725,3.9629236157221173,Healthy
SRR5983277,2.2666705867588406,0.5844813087360508,1.3033266548168763,Healthy
ERR209521,2.537529102010615,-0.15735613541685814,3.733413838376594,Healthy
ERR209706,0.2415477332679457,1.5532544433493043,-0.16153094665998013,Unhealthy
SRR5935743,0.0,0.0,0.0,Unhealthy
SRR5947056,0.0,0.0,-4.108730300846242,Unhealthy
ERR209404,2.840319946419329,-0.24539126488973356,2.2209508228110586,Healthy
SRR5947846,0.052400403710225224,1.0175248191712236,1.5777434954496738,Unhealthy
SRR5946959,2.59784543469932,0.22905269849953291,2.6318938247781407,Healthy
SRR5947012,2.1986482475454925,0.45490875457114266,1.3107340365932876,Healthy
ERR210601,0.0,0.0,-0.813712122323207,Unhealthy
SRR5936159,2.8477779787689053,0.6615355473357553,4.176321835984676,Healthy
SRR5935985,2.518582304227024,5.493213724520009,1.7346629001372893,Healthy
SRR5946873,-0.4699855016047374,2.1963532508913395,-1.218428937322257,Unhealthy
SRR5947017,2.8820992969408628,4.207144771670947,3.159013585256681,Healthy
ERR209764,2.1201091608363174,4.51200875405804,1.8992888304504438,Healthy
SRR5946923,3.2575788105980488,0.685254276705775,2.4381824790304067,Healthy
SRR5983475,2.4141423590771116,5.545010013367897,0.5434907673409011,Healthy
SRR5946940,-2.6971010916959015,-1.2055489714424708,-3.532954381049952,Unhealthy
SRR5946682,1.230054860033929,5.78087258186198,2.430245420124666,Healthy
SRR5947025,-2.350868605896107,-0.3288233612227423,-0.8992498731393751,Unhealthy
ERR209287,-0.5987410946620948,-0.1654254914760551,0.3976667502048899,Unhealthy
SRR5983275,1.7594179677428674,4.386849668447785,2.279868676433978,Healthy
SRR5946831,1.2280532404905946,2.1316958052436346,2.8602338189705985,Healthy
SRR5935905,-3.0271543714745293,-3.050680708989744,-4.140671356430411,Unhealthy
SRR5946961,-1.6405103677589994,0.18228084645933912,-0.9140615243869762,Unhealthy
SRR5935788,1.416162446748906,3.4262657214729018,1.6913565819760414,Healthy
SRR5947838,0.004547936061117764,2.1695617335097888,0.5377218348811321,Unhealthy
ERR209442,2.7491789018961,-0.36189062553796186,2.8078911700551115,Healthy
SRR5946825,0.48533969605020016,1.4137138852740612,-0.8113822489347753,Unhealthy
SRR5983301,2.679124328815165,6.8171716497400086,0.5837995610361518,Healthy
SRR5983377,2.668877735171674,0.17760634605037454,2.2082101922294632,Healthy
SRR5946912,-2.710959192010478,0.470255603363585,-3.3251861165469694,Unhealthy
SRR5947879,-0.04955710688885903,-0.18810997035707447,0.8799947104500588,Unhealthy
SRR5946677,-3.0446550668623713,-1.2571800638691626,-4.705957110028902,Unhealthy
ERR209732,-1.4000907391708153,-0.6801639718029056,1.0409819926040988,Unhealthy
SRR5936196,-0.5960018394768757,0.9990008629985726,0.5536443833195698,Unhealthy
ERR210545,0.0,-2.8490722549928376,2.8529032548549442,Unhealthy
SRR5935900,-1.2541200967566724,-0.20769353387648457,-1.5248477395247841,Unhealthy
ERR210578,0.0,-4.120617997029206,3.26000895340699,Healthy
SRR5946660,3.0467720973404315,0.5407636867820412,4.399564552387173,Healthy
SRR5935970,3.014088664335347,0.6818999319684611,3.3435579873062,Healthy
SRR5983294,0.5807638687357594,0.9479039717238382,0.3586445833337728,Unhealthy
SRR5947079,-3.156408189592658,-1.4794087087331338,-5.104697427625881,Unhealthy
SRR5983476,1.648979337994564,3.6407370897263647,1.6502274812997477,Healthy
SRR5983408,0.029239690960733023,2.8651052564302213,3.6793473305030595,Healthy
SRR5935843,1.7048046809985071,3.8829071716947103,2.6111955226461667,Healthy
SRR5936077,0.23723619266240112,2.9162596691324816,2.9052279837809447,Unhealthy
SRR5936124,-3.2014667868700495,-0.5453460818248846,-4.09714708288623,Unhealthy
SRR5936130,2.8918051622642293,3.847427552089977,1.9419858257280707,Healthy
SRR5946758,0.0,-1.4438738423271478,0.7841530347509135,Unhealthy
SRR5935989,2.8884678114847073,6.104287092944211,2.668185726534482,Healthy
SRR5946818,1.9554945371890524,3.818655134138475,1.697010562349852,Healthy
SRR5936129,-1.4531829710543878,-1.5113120818785626,-0.6920323590554261,Unhealthy
SRR5936143,1.9888303034594184,0.5765848112102636,2.2628344332355685,Healthy
SRR5946895,2.418861540088173,-0.9736355310004319,2.1387063928579617,Unhealthy
SRR5946797,-2.950566570403517,-1.172904221676262,-5.036921522262329,Unhealthy
SRR5983411,-3.4404866379646477,-1.620674645259946,-3.3210300744641135,Unhealthy
SRR5935780,-1.8649616594830951,1.4423051944028578,1.2118238195530127,Unhealthy
SRR5935953,0.1982764776731042,5.494600013315227,-0.8841070376310425,Unhealthy
SRR5936092,-0.44541184814798074,0.8173742791821619,-0.12654568745626482,Unhealthy
ERR209748,-1.3745424899123933,-0.02880989920995499,-0.6494285231037665,Unhealthy
SRR5935797,1.0479361374666052,2.9026132194644565,1.0185247215938258,Unhealthy
SRR5946686,-3.7030514177464435,-1.3285773465346558,-5.684926688240086,Unhealthy
SRR5935752,-2.724498025321249,-2.55113051444217,-3.6195704624125598,Unhealthy
SRR5983297,3.010568249428014,0.4878123506290371,2.01496480368397,Healthy
SRR5947843,-3.0182548490425263,-0.9320764620153081,-3.10753702974127,Unhealthy
SRR5936099,3.0817956025552267,0.7252690063775481,3.7203661660622345,Healthy
ERR210523,1.088428601015046,-1.916656178250052,4.161230584400945,Healthy
SRR5983282,2.657621596697511,0.18637795110867197,3.2165642315415806,Healthy
ERR209223,2.5620932039118953,-0.5535307690903692,3.520015828921279,Unhealthy
SRR5936084,2.660937073092209,0.5532569065619992,1.4502572025778242,Healthy
SRR5947097,2.5666323713110026,0.6682108506799624,1.6382332768829235,Healthy
SRR5935811,-1.0677699269078629,0.08711577635860285,-1.0371651135338422,Unhealthy
SRR5946889,3.3621212852788656,0.669337063151931,3.4286367571714726,Healthy
ERR210559,0.0,-2.676448266447017,0.19621501450567044,Unhealthy
SRR5983264,2.4375656665553955,0.40961012550336423,4.383886697435521,Healthy
ERR210283,0.0,-1.1908033293078282,3.6435433792999192,Unhealthy
SRR5936013,2.0385602765418183,4.382701518338328,3.558755051052039,Healthy
SRR5947830,-2.1544874552853814,-0.32406889884101425,-1.4865869413804214,Unhealthy
ERR209403,3.117549355079504,0.5283221032808636,1.7239801318487693,Healthy
SRR5947050,-0.8443816862111683,-0.39515534478715836,-0.174714987990072,Unhealthy
ERR209519,3.082641394946696,0.4304420808015007,3.8944817443161535,Healthy
SRR5935745,2.6119649654051575,0.6701150603044932,4.142471193101262,Healthy
SRR5946648,-0.8758876203718626,2.370507985331829,0.02779476529569575,Unhealthy
SRR5946925,2.199240334870128,6.401341873339233,2.6374963035928873,Healthy
ERR209694,1.4306540379082868,2.4874604445425486,1.060825693475668,Healthy
SRR5946668,-0.991692128825517,-0.7984303225234429,0.8739282520838376,Unhealthy
ERR209312,2.318902260165171,-1.294935528446079,1.538828993439514,Unhealthy
